"","Word","Length","LgSUBTLWF","Ortho_N","Phono_N","NPhon","NSyll","Dom_PoS_SUBTLEX"
"1","lead",4,3.63,12,42,3,1,"Verb"
"2","believe",7,4.5,1,2,5,2,"Verb"
"3","left",4,4.39,5,11,4,1,"Verb"
"4","smart",5,3.69,1,1,5,1,"Adjective"
"5","they",4,5.32,4,22,2,1,"Pronoun"
"6","lock",4,3.46,15,29,3,1,"Verb"
"7","smells",6,3.14,5,6,5,1,"Verb"
"8","might",5,4.42,7,31,3,1,"Verb"
"9","leads",5,3,8,17,4,1,"Verb"
"10","are",3,5.42,16,14,2,1,"Verb"
"11","carol",5,3.17,1,8,5,2,"Name"
"12","merry",5,3.3,6,20,4,2,"Adjective"
"13","each",4,4.11,2,7,2,1,"Pronoun"
"14","recall",6,3,0,1,5,2,"Verb"
"15","kitty",5,3.13,2,10,4,2,"Name"
"16","invite",6,3.18,1,4,5,2,"Verb"
"17","normal",6,3.56,2,3,5,2,"Adjective"
"18","sit",3,4.2,16,32,3,1,"Verb"
"19","married",7,4.09,4,4,5,2,"Adjective"
"20","gotten",6,3.44,1,2,4,2,"Verb"
"21","grace",5,3.33,8,19,4,1,"Name"
"22","honest",6,3.57,0,0,5,2,"Adjective"
"23","hurts",5,3.28,1,9,4,1,"Verb"
"24","tiny",4,3.22,3,7,4,2,"Adjective"
"25","josh",4,3.02,5,11,3,1,"Name"
"26","lousy",5,3.08,2,1,4,2,"Adjective"
"27","worth",5,3.75,2,11,3,1,"Preposition"
"28","quick",5,3.74,3,10,4,1,"Adjective"
"29","shore",5,3.01,13,34,3,1,"Name"
"30","somehow",7,3.36,0,0,5,2,"Adverb"
"31","must",4,4.55,15,16,4,1,"Verb"
"32","less",4,3.75,8,18,3,1,"Adverb"
"33","easy",4,4.13,2,3,3,2,"Adjective"
"34","split",5,3.29,1,1,5,1,"Verb"
"35","shake",5,3.31,11,24,3,1,"Verb"
"36","nasty",5,3.06,4,0,5,2,"Adjective"
"37","twice",5,3.5,1,1,4,1,"Adverb"
"38","around",6,4.57,2,6,5,2,"Adverb"
"39","tells",5,3.43,7,17,4,1,"Verb"
"40","waited",6,3.17,7,14,5,2,"Verb"
"41","own",3,4.37,2,17,2,1,"Determiner"
"42","forced",6,3.13,4,4,5,1,"Verb"
"43","falling",7,3.26,4,12,5,2,"Verb"
"44","fancy",5,3.25,2,2,5,2,"Adjective"
"45","sure",4,4.75,6,17,3,1,"Adjective"
"46","stand",5,4.06,2,8,5,1,"Verb"
"47","over",4,4.83,3,8,3,2,"Adverb"
"48","first",5,4.63,0,11,4,1,"Number"
"49","shoot",5,3.92,4,16,3,1,"Verb"
"50","wonder",6,3.78,5,6,5,2,"Verb"
"51","means",5,4.05,8,18,4,1,"Verb"
"52","then",4,4.88,7,17,3,1,"Adverb"
"53","attacked",8,3.09,2,4,5,2,"Verb"
"54","writing",7,3.46,2,19,5,2,"Verb"
"55","mine",4,4.11,20,27,3,1,"Pronoun"
"56","famous",6,3.36,0,0,5,2,"Adjective"
"57","marshall",8,3.12,0,6,5,2,"Name"
"58","met",3,3.99,15,28,3,1,"Verb"
"59","ours",4,3.26,2,7,3,1,"Pronoun"
"60","meant",5,3.73,1,19,4,1,"Verb"
"61","bill",4,3.78,16,34,3,1,"Name"
"62","kicked",6,3.19,6,11,4,1,"Verb"
"63","near",4,3.63,13,31,3,1,"Preposition"
"64","mad",3,3.76,17,29,3,1,"Adjective"
"65","big",3,4.54,16,22,3,1,"Adjective"
"66","four",4,4.12,7,32,3,1,"Number"
"67","lose",4,3.92,14,31,3,1,"Verb"
"68","bury",4,3.02,9,20,4,2,"Verb"
"69","enjoy",5,3.63,1,1,4,2,"Verb"
"70","pierce",6,3.12,2,6,4,1,"Name"
"71","under",5,4.13,1,2,4,2,"Preposition"
"72","cold",4,3.82,12,23,4,1,"Adjective"
"73","round",5,3.53,7,16,4,1,"Adjective"
"74","final",5,3.4,0,7,4,2,"Adjective"
"75","enough",6,4.41,0,1,4,2,"Adverb"
"76","entire",6,3.61,1,1,5,2,"Adjective"
"77","pretty",6,4.3,0,3,5,2,"Adverb"
"78","off",3,4.78,2,10,2,1,"Adverb"
"79","learn",5,3.78,1,18,3,1,"Verb"
"80","is",2,5.66,7,15,2,1,"Verb"
"81","makes",5,4.09,10,12,4,1,"Verb"
"82","afraid",6,4.1,0,0,5,2,"Adjective"
"83","break",5,4.05,5,11,4,1,"Verb"
"84","feeling",7,3.93,4,15,5,2,"Verb"
"85","young",5,4.09,0,6,3,1,"Adjective"
"86","wish",4,4.08,7,14,3,1,"Verb"
"87","taking",6,4.09,5,9,5,2,"Verb"
"88","red",3,3.88,11,27,3,1,"Adjective"
"89","stops",5,3.05,2,6,5,1,"Verb"
"90","foreign",7,3.06,0,4,5,2,"Adjective"
"91","choose",6,3.39,1,17,3,1,"Verb"
"92","put",3,4.63,15,17,3,1,"Verb"
"93","eating",6,3.49,5,5,4,2,"Verb"
"94","brave",5,3.21,5,9,4,1,"Adjective"
"95","suck",4,3.25,12,26,3,1,"Verb"
"96","all",3,5.42,5,18,2,1,"Determiner"
"97","him",3,5.25,12,22,3,1,"Pronoun"
"98","look",4,5,11,18,3,1,"Verb"
"99","miller",6,3.07,4,11,4,2,"Name"
"100","return",6,3.67,0,1,5,2,"Verb"
"101","finds",5,3.17,8,8,5,1,"Verb"
"102","shows",5,3.33,6,25,3,1,"Verb"
"103","yelling",7,3.04,5,5,5,2,"Verb"
"104","ran",3,3.63,17,28,3,1,"Verb"
"105","per",3,3.06,9,16,2,1,"Preposition"
"106","release",7,3.27,0,2,5,2,"Verb"
"107","mention",7,3.48,0,3,5,2,"Verb"
"108","planned",7,3.21,2,7,5,1,"Verb"
"109","carry",5,3.53,7,16,4,2,"Verb"
"110","laid",4,3.18,9,33,3,1,"Verb"
"111","drive",5,3.89,1,7,4,1,"Verb"
"112","early",5,3.74,0,8,3,2,"Adverb"
"113","pass",4,3.74,14,21,3,1,"Verb"
"114","mighty",6,3.13,1,8,4,2,"Adjective"
"115","come",4,5.2,15,22,3,1,"Verb"
"116","someday",7,3.24,0,2,5,2,"Adverb"
"117","stole",5,3.43,6,11,4,1,"Verb"
"118","call",4,4.64,13,31,3,1,"Verb"
"119","pushed",6,3.02,4,1,4,1,"Verb"
"120","feed",4,3.34,14,26,3,1,"Verb"
"121","whose",5,3.5,4,33,3,1,"Determiner"
"122","stay",4,4.42,8,8,3,1,"Verb"
"123","nothing",7,4.64,0,2,5,2,"Pronoun"
"124","loved",5,3.75,6,7,4,1,"Verb"
"125","fast",4,3.85,11,19,4,1,"Adverb"
"126","crying",6,3.43,3,4,5,2,"Verb"
"127","heard",5,4.3,4,20,3,1,"Verb"
"128","tied",4,3.14,6,30,3,1,"Verb"
"129","avoid",5,3.09,0,2,4,2,"Verb"
"130","least",5,4.03,6,14,4,1,"Adverb"
"131","junior",6,3.26,0,0,5,2,"Adjective"
"132","trying",6,4.36,4,3,5,2,"Verb"
"133","good",4,5.12,8,10,3,1,"Adjective"
"134","throwing",8,3.17,0,2,5,2,"Verb"
"135","works",5,3.73,4,10,4,1,"Verb"
"136","go",2,5.29,7,28,2,1,"Verb"
"137","grand",5,3.51,4,9,5,1,"Adjective"
"138","below",5,3.16,0,12,4,2,"Adverb"
"139","catch",5,3.84,6,19,3,1,"Verb"
"140","swing",5,3.12,6,16,4,1,"Verb"
"141","gay",3,3.48,17,20,2,1,"Adjective"
"142","do",2,5.5,7,30,2,1,"Verb"
"143","old",3,4.49,1,2,3,1,"Adjective"
"144","close",5,4.05,3,14,4,1,"Adjective"
"145","made",4,4.46,12,30,3,1,"Verb"
"146","shut",4,4.13,4,18,3,1,"Verb"
"147","lily",4,3.14,3,13,4,2,"Name"
"148","spread",6,3.2,0,1,5,1,"Verb"
"149","white",5,3.94,3,8,4,1,"Adjective"
"150","bad",3,4.44,19,28,3,1,"Adjective"
"151","written",7,3.35,0,8,4,2,"Verb"
"152","simple",6,3.66,5,5,5,2,"Adjective"
"153","broke",5,3.73,2,9,4,1,"Verb"
"154","singing",7,3.36,5,7,5,2,"Verb"
"155","stick",5,3.69,6,14,4,1,"Verb"
"156","hope",4,4.21,12,18,3,1,"Verb"
"157","zero",4,3.04,2,2,4,2,"Number"
"158","dare",4,3.45,19,34,3,1,"Verb"
"159","happen",6,4.11,0,0,5,2,"Verb"
"160","free",4,3.96,4,11,3,1,"Adjective"
"161","suffer",6,3.06,3,11,4,2,"Verb"
"162","know",4,5.47,4,33,2,1,"Verb"
"163","brown",5,3.49,7,9,4,1,"Name"
"164","prefer",6,3.23,0,0,5,2,"Verb"
"165","giving",6,3.75,3,3,5,2,"Verb"
"166","drew",4,3.11,4,10,3,1,"Name"
"167","teach",5,3.57,4,16,3,1,"Verb"
"168","deep",4,3.59,9,19,3,1,"Adjective"
"169","proud",5,3.63,0,8,4,1,"Adjective"
"170","move",4,4.33,9,11,3,1,"Verb"
"171","awesome",7,3.2,0,1,3,2,"Adjective"
"172","open",4,4.21,3,4,4,2,"Verb"
"173","my",2,5.54,4,31,2,1,"Pronoun"
"174","freeze",6,3.22,2,14,4,1,"Verb"
"175","burned",6,3.16,3,13,4,1,"Verb"
"176","lived",5,3.53,7,4,4,1,"Verb"
"177","dirty",5,3.53,1,9,4,2,"Adjective"
"178","join",4,3.63,3,9,3,1,"Verb"
"179","who",3,5.05,2,38,2,1,"Pronoun"
"180","few",3,4.19,10,12,3,1,"Determiner"
"181","course",6,4.4,1,14,4,1,"Adverb"
"182","straight",8,3.8,0,6,5,1,"Adverb"
"183","lower",5,3.15,10,15,3,1,"Adjective"
"184","afford",6,3.36,0,4,5,2,"Verb"
"185","make",4,4.85,17,30,3,1,"Verb"
"186","checked",7,3.38,1,9,4,1,"Verb"
"187","black",5,3.93,4,8,4,1,"Adjective"
"188","pray",4,3.27,7,11,3,1,"Verb"
"189","in",2,5.7,7,14,2,1,"Preposition"
"190","mixed",5,3.04,3,4,5,1,"Verb"
"191","bond",4,3.2,9,17,4,1,"Name"
"192","much",4,4.7,4,16,3,1,"Determiner"
"193","ready",5,4.3,4,14,4,2,"Adjective"
"194","third",5,3.58,0,9,3,1,"Number"
"195","ate",3,3.24,9,17,2,1,"Verb"
"196","skip",4,3.03,8,9,4,1,"Verb"
"197","any",3,4.75,4,7,3,2,"Determiner"
"198","six",3,4.01,11,19,4,1,"Number"
"199","swim",4,3.21,6,11,4,1,"Verb"
"200","say",3,4.92,25,29,2,1,"Verb"
"201","either",6,3.97,3,3,3,2,"Adverb"
"202","jealous",7,3.29,1,1,5,2,"Adjective"
"203","think",5,5.14,4,12,4,1,"Verb"
"204","empty",5,3.38,0,0,5,2,"Adjective"
"205","need",4,4.82,7,25,3,1,"Verb"
"206","wearing",7,3.64,10,13,5,2,"Verb"
"207","maybe",5,4.67,0,2,4,2,"Adverb"
"208","kissing",7,3.08,2,7,5,2,"Verb"
"209","ten",3,3.87,16,24,3,1,"Number"
"210","keep",4,4.55,9,24,3,1,"Verb"
"211","set",3,4.07,18,27,3,1,"Verb"
"212","bust",4,3.15,14,18,4,1,"Verb"
"213","clever",6,3.14,1,2,5,2,"Adjective"
"214","selling",7,3.28,5,8,5,2,"Verb"
"215","you",3,6.33,2,29,2,1,"Pronoun"
"216","fourth",6,3.13,0,9,4,1,"Number"
"217","ought",5,3.61,1,14,2,1,"Verb"
"218","glad",4,3.94,3,8,4,1,"Adjective"
"219","knew",4,4.27,3,36,2,1,"Verb"
"220","three",5,4.44,1,9,3,1,"Number"
"221","settle",6,3.33,4,13,4,2,"Verb"
"222","real",4,4.35,14,1,4,1,"Adjective"
"223","wins",4,3,10,17,4,1,"Verb"
"224","piss",4,3.08,10,24,3,1,"Verb"
"225","sold",4,3.42,9,21,4,1,"Verb"
"226","turn",4,4.19,5,19,3,1,"Verb"
"227","senior",6,3.13,1,0,5,2,"Adjective"
"228","remove",6,3.04,1,0,5,2,"Verb"
"229","hurry",5,3.95,3,6,4,2,"Verb"
"230","wide",4,3.08,13,32,3,1,"Adjective"
"231","used",4,4.24,2,3,4,1,"Verb"
"232","hide",4,3.55,10,32,3,1,"Verb"
"233","not",3,5.44,15,29,3,1,"Not"
"234","states",6,3.44,6,3,5,1,"Name"
"235","appears",7,3.03,1,1,5,2,"Verb"
"236","legal",5,3.26,1,1,5,2,"Adjective"
"237","chuck",5,3.04,6,17,3,1,"Verb"
"238","took",4,4.24,8,17,3,1,"Verb"
"239","slept",5,3.26,2,6,5,1,"Verb"
"240","from",4,5.02,2,4,4,1,"Preposition"
"241","of",2,5.77,8,5,2,1,"Preposition"
"242","holy",4,3.54,2,11,4,2,"Adjective"
"243","across",6,3.68,0,0,5,2,"Preposition"
"244","golden",6,3.07,0,0,5,2,"Adjective"
"245","get",3,5.37,14,18,3,1,"Verb"
"246","deserve",7,3.35,1,2,5,2,"Verb"
"247","suppose",7,3.81,0,0,5,2,"Verb"
"248","into",4,4.63,3,3,4,2,"Preposition"
"249","proper",6,3.11,1,5,5,2,"Adjective"
"250","playing",7,3.88,3,4,5,2,"Verb"
"251","steal",5,3.43,4,10,4,1,"Verb"
"252","bright",6,3.36,3,11,4,1,"Adjective"
"253","told",4,4.55,10,16,4,1,"Verb"
"254","never",5,4.84,4,3,4,2,"Adverb"
"255","bloody",6,3.29,2,0,5,2,"Adjective"
"256","dean",4,3.3,9,26,3,1,"Name"
"257","asleep",6,3.41,0,0,5,2,"Adjective"
"258","changed",7,3.71,5,1,5,1,"Verb"
"259","tired",5,3.76,8,10,4,1,"Adjective"
"260","armed",5,3.07,1,4,4,1,"Adjective"
"261","hired",5,3.23,7,9,4,1,"Verb"
"262","male",4,3.24,23,46,3,1,"Adjective"
"263","draw",4,3.31,5,2,3,1,"Verb"
"264","why",3,5.06,5,3,3,1,"Adverb"
"265","front",5,3.97,2,2,5,1,"Preposition"
"266","sue",3,3.18,10,38,2,1,"Verb"
"267","fought",6,3.13,3,22,3,1,"Verb"
"268","ray",3,3.7,19,24,2,1,"Name"
"269","woke",4,3.13,7,16,3,1,"Verb"
"270","scream",6,3.13,1,4,5,1,"Verb"
"271","far",3,4.05,16,17,3,1,"Adverb"
"272","just",4,5.38,8,10,4,1,"Adverb"
"273","outside",7,3.94,2,2,5,2,"Adverb"
"274","back",4,5.01,17,34,3,1,"Adverb"
"275","care",4,4.39,24,27,3,1,"Verb"
"276","spend",5,3.68,3,8,5,1,"Verb"
"277","receive",7,3,1,0,5,2,"Verb"
"278","we",2,5.66,4,23,2,1,"Pronoun"
"279","wore",4,3.03,20,31,3,1,"Verb"
"280","seems",5,3.93,6,12,4,1,"Verb"
"281","loving",6,3.11,4,3,5,2,"Verb"
"282","smith",5,3.27,1,1,4,1,"Name"
"283","travel",6,3.23,1,1,5,2,"Verb"
"284","asked",5,4.04,1,2,4,1,"Verb"
"285","led",3,3.09,11,25,3,1,"Verb"
"286","whom",4,3.25,3,24,3,1,"Pronoun"
"287","royal",5,3.07,1,3,4,1,"Adjective"
"288","threw",5,3.32,3,8,3,1,"Verb"
"289","ahead",5,4,0,1,4,2,"Adverb"
"290","liked",5,3.6,4,9,4,1,"Verb"
"291","worst",5,3.46,1,12,4,1,"Adjective"
"292","how",3,5.19,16,20,2,1,"Adverb"
"293","talk",4,4.64,8,20,3,1,"Verb"
"294","crane",5,3.23,5,13,4,1,"Name"
"295","smoke",5,3.52,4,6,4,1,"Verb"
"296","robin",5,3.1,1,3,5,2,"Name"
"297","dumb",4,3.38,2,31,3,1,"Adjective"
"298","scared",6,3.83,7,8,5,1,"Adjective"
"299","drag",4,3.13,7,6,4,1,"Verb"
"300","lying",5,3.65,3,7,4,2,"Verb"
"301","fly",3,3.64,4,13,3,1,"Verb"
"302","answer",6,3.95,0,0,4,2,"Verb"
"303","quite",5,4.01,3,4,4,1,"Adverb"
"304","born",4,3.63,11,17,4,1,"Verb"
"305","still",5,4.6,6,15,4,1,"Adverb"
"306","hold",4,4.35,11,22,4,1,"Verb"
"307","reading",7,3.5,5,21,5,2,"Verb"
"308","none",4,3.75,13,23,3,1,"Pronoun"
"309","caught",6,3.68,2,23,3,1,"Verb"
"310","better",6,4.61,7,16,4,2,"Adverb"
"311","which",5,4.39,0,7,4,1,"Determiner"
"312","assure",6,3.01,1,4,4,2,"Verb"
"313","ill",3,3.04,2,20,2,1,"Name"
"314","finish",6,3.7,0,2,5,2,"Verb"
"315","fix",3,3.65,9,15,4,1,"Verb"
"316","will",4,5.03,16,30,3,1,"Verb"
"317","signed",6,3.26,2,17,4,1,"Verb"
"318","bud",3,3.26,13,25,3,1,"Name"
"319","allowed",7,3.36,1,4,4,2,"Verb"
"320","become",6,3.77,1,2,5,2,"Verb"
"321","hit",3,4.15,15,31,3,1,"Verb"
"322","began",5,3.22,3,3,5,2,"Verb"
"323","waste",5,3.43,5,15,4,1,"Verb"
"324","dump",4,3.17,8,10,4,1,"Verb"
"325","walk",4,4.04,5,15,3,1,"Verb"
"326","green",5,3.57,4,15,4,1,"Adjective"
"327","pack",4,3.35,16,35,3,1,"Verb"
"328","send",4,3.96,10,16,4,1,"Verb"
"329","offered",7,3.13,0,1,4,2,"Verb"
"330","later",5,4.17,7,21,4,2,"Adverb"
"331","eve",3,3.16,3,6,2,1,"Name"
"332","great",5,4.62,3,19,4,1,"Adjective"
"333","won",3,4.59,11,20,3,1,"Verb"
"334","tight",5,3.41,7,34,3,1,"Adverb"
"335","nine",4,3.54,12,22,3,1,"Number"
"336","rare",4,3.04,16,31,3,1,"Adjective"
"337","quit",4,3.66,3,8,4,1,"Verb"
"338","mental",6,3,3,6,5,2,"Adjective"
"339","knocked",7,3.1,1,11,4,1,"Verb"
"340","wild",4,3.47,8,15,4,1,"Adjective"
"341","dark",4,3.66,9,8,4,1,"Adjective"
"342","dig",3,3.37,14,19,3,1,"Verb"
"343","pure",4,3.1,9,1,4,1,"Adjective"
"344","please",6,4.75,0,9,4,1,"Adverb"
"345","safe",4,3.86,8,12,3,1,"Adjective"
"346","them",4,4.96,5,6,3,1,"Pronoun"
"347","covered",7,3.21,2,4,5,2,"Verb"
"348","sat",3,3.16,20,31,3,1,"Verb"
"349","hot",3,3.99,16,23,3,1,"Adjective"
"350","march",5,3.09,3,7,4,1,"Name"
"351","these",5,4.66,3,18,3,1,"Determiner"
"352","touch",5,3.88,4,12,3,1,"Verb"
"353","swear",5,3.65,4,10,4,1,"Verb"
"354","enter",5,3.18,1,2,4,2,"Verb"
"355","want",4,5.15,12,10,4,1,"Verb"
"356","agreed",6,3.26,1,2,5,2,"Verb"
"357","manage",6,3.04,0,0,5,2,"Verb"
"358","clear",5,3.94,2,8,4,1,"Adjective"
"359","watched",7,3.13,5,4,4,1,"Verb"
"360","thou",4,3.06,2,15,2,1,"Pronoun"
"361","rid",3,3.48,13,27,3,1,"Verb"
"362","fine",4,4.48,16,27,3,1,"Adjective"
"363","boring",6,3.15,4,10,5,2,"Adjective"
"364","rob",3,3.08,15,17,3,1,"Verb"
"365","hate",4,4.04,16,26,3,1,"Verb"
"366","sound",5,3.86,7,13,4,1,"Verb"
"367","argue",5,3,0,0,5,2,"Verb"
"368","ok",2,4.41,7,4,3,2,"Adverb"
"369","within",6,3.48,0,1,5,2,"Preposition"
"370","helps",5,3.04,2,3,5,1,"Verb"
"371","lovely",6,3.69,2,1,5,2,"Adjective"
"372","rich",4,3.61,2,23,3,1,"Adjective"
"373","served",6,3,2,8,4,1,"Verb"
"374","wrote",5,3.56,1,34,3,1,"Verb"
"375","rough",5,3.28,5,19,3,1,"Adjective"
"376","cool",4,4,9,21,3,1,"Adjective"
"377","there",5,5.35,3,21,3,1,"Ex"
"378","single",6,3.57,5,5,5,2,"Adjective"
